%%TM,TN,TQ,Stat,Clas,M,PR,PA,PE,PT,MR,MA,ME,MT,H,Str,FX,FY,FZ,FVX,FVY,FVZ,FVR,FAX,FAY,FAZ,FT,FirstLat,firstLong,FirstAlt,MeasLat,MeasLon,MeasAlt,RNG_MIN,RNG_MAX,AZM_MIN,AZM_MAX,ELV_MIN,ELV_MAX
52,33,14,3,0,1,113905.76,10.9601,4.8881,21767.094,113882.22,11.0477,4.7358,21767.129,1,365737.91,21663.6348,111405.6641,9552.9385,167.86,-155.64,323.95,396.67,0,0,0,21767.13,13.187486,78.163879,753.590027,13.187486,78.163879,753.5900269,111768.73,116042.79,9.6,12.32,3.53,6.25
52,33,14,3,0,1,113847.38,11.0534,4.8952,21767.629,113830.76,11.221,5.1109,21767.703,1,129776.06,21896.0586,111274.1875,9915.2871,262.68,-189.93,451.84,556.09,0,0,0,21767.7,13.187486,78.163879,753.590027,13.187486,78.163879,753.5900269,113647.38,114047.38,9.75,12.35,3.7,6.1
52,33,14,3,0,1,113782.78,11.2229,5.1384,21768.313,113774.8,11.2595,4.781,21768.313,1,413791.81,22094.9844,111176.5781,9853.1348,287.46,-178.41,236.7,412.9,0,0,0,21768.31,13.187486,78.163879,753.590027,13.187486,78.163879,753.5900269,113593.11,113993.11,9.91,12.51,3.91,6.31
52,33,14,3,0,1,113729.48,11.3205,5.03,21768.813,113730.91,11.3031,4.8741,21768.818,1,354438.44,22225.5566,111103.2422,9827.4219,280.01,-169.47,155.17,362.22,0,0,0,21768.82,13.187486,78.163879,753.590027,13.187486,78.163879,753.5900269,113529.48,113929.48,10.02,12.62,3.83,6.23
52,33,14,3,0,1,113632.98,11.4682,5.0399,21769.818,113634.61,11.3358,5.2305,21769.832,1,105981.6,22359.2969,110944.7734,10192.1299,219.35,-164.9,242.04,365.91,0,0,0,21769.83,13.187486,78.163879,753.590027,13.187486,78.163879,753.5900269,113432.98,113832.98,10.17,12.77,3.84,6.24
52,33,14,3,0,1,113537.86,11.52,5.2729,21770.832,113560.05,11.3913,5.0392,21770.904,1,189047.84,22452.0762,110840.0313,10188.1885,179.19,-145.62,164.02,283.22,0,0,0,21770.9,13.187486,78.163879,753.590027,13.187486,78.163879,753.5900269,113337.86,113737.86,10.22,12.82,4.07,6.47
52,33,14,3,0,1,113411.85,11.6067,5.2788,21772.404,113415.26,11.6751,4.8784,21772.451,1,228734.27,22801.416,110646.0156,10001.7305,197.83,-139.71,64,250.5,0,0,0,21772.45,13.187486,78.163879,753.590027,13.187486,78.163879,753.5800171,113211.85,113611.85,10.31,12.91,4.08,6.48
